{"cameraMode":{"drawMode":0,"name":"Shaded","section":"Shading Mode"},"sceneLighting":true,"audioPlay":false,"sceneViewState":{"showFog":true,"showMaterialUpdate":false,"showSkybox":true,"showFlares":true,"showImageEffects":true,"showParticleSystems":true},"in2DMode":false,"pivot":{"x":2.411377191543579,"y":-0.004204750061035156,"z":2.7410459518432619},"rotation":{"x":0.17725737392902375,"y":0.6988386511802673,"z":-0.18553225696086884,"w":0.6676692366600037},"size":6.792902946472168,"orthographic":false}