{"cameraMode":{"drawMode":0,"name":"Shaded","section":"Shading Mode"},"sceneLighting":false,"audioPlay":false,"sceneViewState":{"showFog":true,"showMaterialUpdate":false,"showSkybox":false,"showFlares":true,"showImageEffects":true,"showParticleSystems":true},"in2DMode":false,"pivot":{"x":-4.99241828918457,"y":1.2936623096466065,"z":-5.784517288208008},"rotation":{"x":-0.2791440784931183,"y":0.3779824674129486,"z":-0.12066160887479782,"w":-0.8744419813156128},"size":5.8416595458984379,"orthographic":false}